id_intervenant,id_competence,score_competence
1,1,9.5
1,2,5.4
1,3,5.0
1,4,0.7
1,5,6.0
1,6,5.4
1,7,4.9
1,8,6.6
1,9,6.8
1,10,3.9
1,11,4.2
1,12,5.0
1,13,7.4
1,14,7.1
1,15,3.4
1,16,3.8
1,17,7.5
1,18,9.1
1,19,5.9
1,20,4.6
1,21,8.2
1,22,5.4
1,23,7.5
1,24,9.1
1,25,7.3
2,1,6.1
2,2,7.5
2,3,4.7
2,4,5.6
2,5,4.9
2,6,5.6
2,7,5.0
2,8,5.6
2,9,5.2
2,10,6.2
2,11,6.1
2,12,6.6
2,13,8.8
2,14,2.9
2,15,8.6
2,16,5.5
2,17,3.5
2,18,5.7
2,19,6.2
2,20,8.1
2,21,3.9
2,22,6.4
2,23,6.2
2,24,2.6
2,25,3.6
3,1,7.2
3,2,7.4
3,3,8.2
3,4,7.1
3,5,6.8
3,6,6.2
3,7,8.4
3,8,4.3
3,9,5.7
3,10,6.8
3,11,2.8
3,12,8.6
3,13,4.4
3,14,5.9
3,15,10.0
3,16,4.3
3,17,4.9
3,18,9.1
3,19,3.8
3,20,5.1
3,21,7.0
3,22,6.9
3,23,7.2
3,24,6.7
3,25,8.7
4,1,8.0
4,2,7.2
4,3,4.6
4,4,4.6
4,5,2.2
4,6,7.4
4,7,2.4
4,8,7.8
4,9,9.7
4,10,3.9
4,11,4.6
4,12,5.0
4,13,7.7
4,14,4.3
4,15,5.7
4,16,5.0
4,17,5.5
4,18,8.6
4,19,4.1
4,20,6.1
4,21,6.5
4,22,7.7
4,23,3.5
4,24,8.2
4,25,6.9
5,1,7.7
5,2,6.1
5,3,2.7
5,4,4.7
5,5,7.6
5,6,6.1
5,7,5.9
5,8,9.6
5,9,10.0
5,10,5.9
5,11,9.9
5,12,2.0
5,13,1.9
5,14,7.7
5,15,5.5
5,16,7.2
5,17,7.0
5,18,5.8
5,19,7.4
5,20,6.3
5,21,2.9
5,22,6.4
5,23,6.4
5,24,9.7
5,25,3.7
6,1,6.0
6,2,5.2
6,3,5.7
6,4,9.3
6,5,6.8
6,6,5.1
6,7,6.3
6,8,7.5
6,9,4.0
6,10,5.5
6,11,9.1
6,12,7.7
6,13,5.9
6,14,5.0
6,15,5.7
6,16,2.9
6,17,7.9
6,18,6.7
6,19,6.3
6,20,3.4
6,21,4.6
6,22,7.0
6,23,6.5
6,24,5.0
6,25,7.0
7,1,7.9
7,2,4.6
7,3,4.9
7,4,4.3
7,5,3.7
7,6,7.6
7,7,7.0
7,8,6.7
7,9,3.7
7,10,3.9
7,11,5.9
7,12,5.2
7,13,6.2
7,14,4.6
7,15,7.3
7,16,9.6
7,17,9.1
7,18,9.2
7,19,6.1
7,20,7.8
7,21,5.2
7,22,7.8
7,23,5.2
7,24,5.0
7,25,4.7
8,1,7.4
8,2,6.6
8,3,6.4
8,4,3.7
8,5,6.3
8,6,3.1
8,7,9.0
8,8,5.7
8,9,6.4
8,10,5.8
8,11,2.8
8,12,3.3
8,13,5.9
8,14,9.0
8,15,3.8
8,16,4.6
8,17,5.9
8,18,2.6
8,19,2.6
8,20,5.2
8,21,5.9
8,22,5.2
8,23,9.1
8,24,5.7
8,25,6.7
9,1,9.2
9,2,9.4
9,3,2.8
9,4,5.2
9,5,8.3
9,6,3.2
9,7,4.2
9,8,3.4
9,9,3.3
9,10,3.7
9,11,6.4
9,12,8.5
9,13,9.1
9,14,6.0
9,15,2.1
9,16,5.9
9,17,5.3
9,18,6.7
9,19,5.7
9,20,2.4
9,21,6.8
9,22,1.9
9,23,4.6
9,24,6.6
9,25,6.7
10,1,9.1
10,2,1.3
10,3,6.7
10,4,7.4
10,5,5.3
10,6,7.3
10,7,3.8
10,8,7.3
10,9,7.1
10,10,4.0
10,11,4.7
10,12,5.6
10,13,4.7
10,14,8.1
10,15,6.4
10,16,8.6
10,17,8.4
10,18,6.1
10,19,5.6
10,20,4.1
10,21,4.4
10,22,4.4
10,23,6.7
10,24,4.2
10,25,6.2
11,1,6.4
11,2,5.0
11,3,5.6
11,4,8.9
11,5,9.2
11,6,4.4
11,7,5.6
11,8,5.3
11,9,5.4
11,10,9.1
11,11,7.4
11,12,8.5
11,13,9.6
11,14,5.1
11,15,5.6
11,16,6.1
11,17,8.1
11,18,5.8
11,19,7.3
11,20,8.3
11,21,8.3
11,22,6.9
11,23,4.4
11,24,2.9
11,25,8.2
12,1,6.9
12,2,4.1
12,3,5.0
12,4,5.1
12,5,2.7
12,6,6.5
12,7,4.4
12,8,5.4
12,9,7.5
12,10,5.8
12,11,7.1
12,12,6.8
12,13,6.1
12,14,6.1
12,15,9.7
12,16,5.7
12,17,9.3
12,18,4.2
12,19,7.5
12,20,6.3
12,21,4.5
12,22,0.7
12,23,9.2
12,24,3.7
12,25,4.1
13,1,6.3
13,2,6.1
13,3,6.6
13,4,5.5
13,5,3.0
13,6,7.7
13,7,4.2
13,8,6.4
13,9,7.1
13,10,8.4
13,11,5.6
13,12,5.4
13,13,5.5
13,14,2.3
13,15,4.5
13,16,4.0
13,17,3.7
13,18,6.3
13,19,5.4
13,20,9.2
13,21,9.0
13,22,2.2
13,23,6.2
13,24,4.0
13,25,7.1
14,1,6.3
14,2,7.9
14,3,6.6
14,4,7.5
14,5,5.4
14,6,1.0
14,7,3.6
14,8,4.3
14,9,5.0
14,10,4.0
14,11,9.3
14,12,5.7
14,13,8.6
14,14,5.3
14,15,9.3
14,16,3.6
14,17,7.2
14,18,3.3
14,19,6.9
14,20,9.2
14,21,2.7
14,22,4.3
14,23,6.5
14,24,5.6
14,25,3.3
15,1,8.3
15,2,6.1
15,3,8.6
15,4,6.6
15,5,3.7
15,6,5.0
15,7,8.8
15,8,3.2
15,9,5.1
15,10,7.2
15,11,8.0
15,12,7.7
15,13,3.1
15,14,10.0
15,15,5.7
15,16,6.0
15,17,6.0
15,18,5.5
15,19,4.1
15,20,5.3
15,21,8.6
15,22,3.3
15,23,1.1
15,24,7.1
15,25,6.7
16,1,7.5
16,2,9.5
16,3,4.5
16,4,6.4
16,5,7.0
16,6,8.5
16,7,8.1
16,8,4.3
16,9,3.2
16,10,5.5
16,11,2.8
16,12,8.2
16,13,5.2
16,14,5.3
16,15,4.2
16,16,9.0
16,17,6.6
16,18,5.2
16,19,7.2
16,20,5.8
16,21,7.2
16,22,8.6
16,23,5.5
16,24,7.0
16,25,7.0
17,1,8.3
17,2,7.2
17,3,6.1
17,4,4.7
17,5,6.6
17,6,3.9
17,7,7.3
17,8,6.1
17,9,7.1
17,10,5.0
17,11,4.4
17,12,4.2
17,13,8.2
17,14,5.6
17,15,5.5
17,16,2.4
17,17,5.9
17,18,0.0
17,19,8.7
17,20,5.5
17,21,6.0
17,22,3.1
17,23,3.8
17,24,7.2
17,25,5.6
18,1,6.9
18,2,8.5
18,3,7.3
18,4,2.2
18,5,4.0
18,6,3.7
18,7,4.2
18,8,1.8
18,9,1.9
18,10,4.5
18,11,4.8
18,12,7.0
18,13,5.4
18,14,8.8
18,15,2.3
18,16,3.2
18,17,6.5
18,18,5.5
18,19,4.0
18,20,7.5
18,21,8.2
18,22,8.6
18,23,5.2
18,24,6.0
18,25,6.5
19,1,6.1
19,2,8.0
19,3,5.0
19,4,6.7
19,5,1.6
19,6,7.5
19,7,9.3
19,8,5.9
19,9,8.1
19,10,2.7
19,11,5.3
19,12,2.9
19,13,6.6
19,14,7.0
19,15,3.3
19,16,4.3
19,17,4.8
19,18,10.0
19,19,5.9
19,20,6.2
19,21,6.7
19,22,6.6
19,23,5.5
19,24,3.3
19,25,4.6
20,1,9.3
20,2,6.5
20,3,5.3
20,4,3.3
20,5,5.9
20,6,6.1
20,7,4.7
20,8,7.8
20,9,4.8
20,10,5.7
20,11,7.7
20,12,6.4
20,13,8.2
20,14,5.5
20,15,5.1
20,16,6.9
20,17,6.4
20,18,8.4
20,19,6.8
20,20,5.9
20,21,6.9
20,22,7.3
20,23,3.8
20,24,5.7
20,25,5.3
21,1,8.4
21,2,5.0
21,3,8.1
21,4,3.5
21,5,5.9
21,6,8.1
21,7,5.5
21,8,8.3
21,9,1.9
21,10,6.1
21,11,6.3
21,12,5.7
21,13,3.0
21,14,7.3
21,15,1.3
21,16,7.9
21,17,6.6
21,18,8.0
21,19,5.5
21,20,3.8
21,21,5.0
21,22,5.1
21,23,7.2
21,24,5.4
21,25,6.8
22,1,7.0
22,2,8.8
22,3,2.0
22,4,5.2
22,5,7.4
22,6,7.4
22,7,4.9
22,8,5.5
22,9,5.8
22,10,6.3
22,11,4.9
22,12,4.7
22,13,3.8
22,14,5.3
22,15,8.8
22,16,4.1
22,17,8.0
22,18,9.9
22,19,6.4
22,20,10.0
22,21,5.8
22,22,9.4
22,23,6.0
22,24,3.6
22,25,6.8
23,1,9.8
23,2,4.9
23,3,7.0
23,4,4.1
23,5,4.3
23,6,7.0
23,7,5.7
23,8,7.2
23,9,8.6
23,10,3.7
23,11,4.7
23,12,6.2
23,13,10.0
23,14,5.4
23,15,5.1
23,16,7.0
23,17,10.0
23,18,5.0
23,19,5.5
23,20,6.2
23,21,7.6
23,22,10.0
23,23,3.6
23,24,2.8
23,25,6.5
24,1,7.2
24,2,1.7
24,3,4.9
24,4,8.1
24,5,5.1
24,6,7.1
24,7,6.5
24,8,7.5
24,9,7.0
24,10,6.7
24,11,8.7
24,12,5.1
24,13,6.4
24,14,8.4
24,15,5.1
24,16,5.5
24,17,4.7
24,18,4.3
24,19,10.0
24,20,7.1
24,21,10.0
24,22,7.7
24,23,6.4
24,24,5.6
24,25,6.7
25,1,6.1
25,2,8.0
25,3,4.5
25,4,6.5
25,5,7.1
25,6,5.8
25,7,5.7
25,8,7.3
25,9,7.3
25,10,6.0
25,11,6.2
25,12,5.1
25,13,7.3
25,14,6.0
25,15,3.1
25,16,5.6
25,17,7.4
25,18,6.8
25,19,4.4
25,20,7.6
25,21,7.4
25,22,7.4
25,23,9.2
25,24,5.5
25,25,7.4
26,1,5.6
26,2,8.1
26,3,8.5
26,4,7.1
26,5,7.6
26,6,4.5
26,7,7.4
26,8,3.7
26,9,10.0
26,10,8.4
26,11,3.0
26,12,0.8
26,13,8.7
26,14,4.4
26,15,7.2
26,16,3.5
26,17,6.2
26,18,4.8
26,19,7.2
26,20,5.4
26,21,9.0
26,22,4.5
26,23,8.6
26,24,6.0
26,25,7.1
27,1,2.9
27,2,2.5
27,3,8.1
27,4,3.6
27,5,5.3
27,6,5.4
27,7,4.2
27,8,6.4
27,9,3.2
27,10,3.6
27,11,7.9
27,12,4.4
27,13,7.5
27,14,7.3
27,15,9.0
27,16,6.9
27,17,2.3
27,18,4.7
27,19,5.2
27,20,8.5
27,21,6.7
27,22,5.0
27,23,6.9
27,24,5.3
27,25,7.1
28,1,6.3
28,2,8.2
28,3,6.7
28,4,8.0
28,5,6.0
28,6,7.4
28,7,5.7
28,8,7.3
28,9,6.4
28,10,5.8
28,11,5.2
28,12,5.5
28,13,6.9
28,14,1.4
28,15,8.5
28,16,1.3
28,17,5.6
28,18,5.3
28,19,7.5
28,20,6.5
28,21,5.9
28,22,6.2
28,23,7.9
28,24,10.0
28,25,6.8
29,1,1.9
29,2,5.2
29,3,6.8
29,4,10.0
29,5,4.5
29,6,5.3
29,7,7.1
29,8,6.6
29,9,3.4
29,10,7.9
29,11,3.4
29,12,5.5
29,13,8.6
29,14,3.4
29,15,5.3
29,16,9.3
29,17,5.5
29,18,3.9
29,19,4.8
29,20,7.7
29,21,2.9
29,22,4.7
29,23,3.1
29,24,3.7
29,25,8.6
30,1,5.8
30,2,5.1
30,3,6.9
30,4,4.6
30,5,3.6
30,6,8.3
30,7,7.8
30,8,4.3
30,9,7.4
30,10,8.9
30,11,7.0
30,12,7.0
30,13,3.5
30,14,5.7
30,15,2.2
30,16,8.2
30,17,5.7
30,18,8.7
30,19,4.4
30,20,7.8
30,21,2.8
30,22,5.2
30,23,7.1
30,24,6.7
30,25,5.9
31,1,2.7
31,2,8.7
31,3,7.3
31,4,8.3
31,5,8.3
31,6,5.2
31,7,6.8
31,8,10.0
31,9,4.3
31,10,6.8
31,11,4.9
31,12,9.5
31,13,6.3
31,14,3.9
31,15,4.8
31,16,3.2
31,17,1.4
31,18,0.5
31,19,4.5
31,20,3.7
31,21,6.3
31,22,4.3
31,23,6.4
31,24,9.6
31,25,3.6
32,1,3.5
32,2,8.0
32,3,10.0
32,4,4.2
32,5,2.6
32,6,5.4
32,7,5.2
32,8,7.4
32,9,3.8
32,10,5.5
32,11,5.4
32,12,2.8
32,13,2.8
32,14,6.9
32,15,7.1
32,16,4.4
32,17,9.2
32,18,7.9
32,19,6.9
32,20,7.2
32,21,6.7
32,22,7.5
32,23,7.7
32,24,6.1
32,25,1.8
33,1,5.7
33,2,4.3
33,3,3.6
33,4,7.2
33,5,2.4
33,6,7.7
33,7,4.7
33,8,3.5
33,9,4.2
33,10,10.0
33,11,9.0
33,12,5.4
33,13,8.2
33,14,9.6
33,15,4.2
33,16,5.4
33,17,7.9
33,18,6.8
33,19,5.2
33,20,9.3
33,21,7.0
33,22,7.6
33,23,10.0
33,24,7.0
33,25,10.0
34,1,6.6
34,2,5.7
34,3,6.2
34,4,7.8
34,5,7.3
34,6,6.7
34,7,3.0
34,8,3.8
34,9,5.4
34,10,7.5
34,11,8.9
34,12,1.1
34,13,5.7
34,14,5.0
34,15,5.8
34,16,6.4
34,17,4.2
34,18,3.3
34,19,8.0
34,20,7.5
34,21,5.1
34,22,5.7
34,23,4.6
34,24,3.1
34,25,7.3
35,1,4.6
35,2,3.7
35,3,4.7
35,4,9.3
35,5,6.9
35,6,6.4
35,7,6.1
35,8,7.7
35,9,7.5
35,10,3.3
35,11,5.5
35,12,4.6
35,13,6.4
35,14,5.8
35,15,1.9
35,16,8.3
35,17,6.5
35,18,2.4
35,19,8.3
35,20,6.2
35,21,6.9
35,22,6.0
35,23,6.3
35,24,4.9
35,25,2.5
36,1,4.7
36,2,6.3
36,3,6.0
36,4,7.2
36,5,5.7
36,6,1.3
36,7,7.4
36,8,4.2
36,9,3.1
36,10,5.2
36,11,3.1
36,12,6.6
36,13,4.0
36,14,9.8
36,15,5.4
36,16,4.7
36,17,4.5
36,18,1.5
36,19,4.1
36,20,4.3
36,21,5.2
36,22,1.3
36,23,5.9
36,24,8.5
36,25,5.0
37,1,5.8
37,2,6.7
37,3,4.2
37,4,5.0
37,5,7.8
37,6,6.3
37,7,3.4
37,8,2.3
37,9,10.0
37,10,6.8
37,11,2.7
37,12,6.2
37,13,7.3
37,14,6.2
37,15,2.1
37,16,9.6
37,17,7.2
37,18,5.5
37,19,7.3
37,20,5.5
37,21,5.3
37,22,7.8
37,23,1.9
37,24,8.0
37,25,6.8
38,1,7.5
38,2,7.8
38,3,9.2
38,4,8.9
38,5,7.8
38,6,5.2
38,7,7.4
38,8,5.0
38,9,4.1
38,10,7.0
38,11,6.8
38,12,8.5
38,13,1.7
38,14,7.3
38,15,7.4
38,16,6.3
38,17,9.1
38,18,4.3
38,19,6.7
38,20,5.3
38,21,6.0
38,22,4.1
38,23,5.8
38,24,7.4
38,25,6.3
39,1,6.8
39,2,4.5
39,3,9.3
39,4,4.7
39,5,6.1
39,6,7.3
39,7,5.7
39,8,7.6
39,9,6.5
39,10,9.5
39,11,7.2
39,12,6.9
39,13,4.4
39,14,7.0
39,15,8.1
39,16,6.9
39,17,4.2
39,18,5.0
39,19,5.6
39,20,6.1
39,21,3.3
39,22,9.9
39,23,5.9
39,24,6.3
39,25,5.2
40,1,6.0
40,2,9.9
40,3,4.1
40,4,5.0
40,5,4.0
40,6,4.9
40,7,9.1
40,8,4.8
40,9,5.1
40,10,2.4
40,11,5.3
40,12,6.5
40,13,5.1
40,14,5.2
40,15,7.7
40,16,7.1
40,17,5.8
40,18,4.5
40,19,3.0
40,20,9.4
40,21,2.9
40,22,7.3
40,23,5.6
40,24,4.6
40,25,7.8
41,1,4.5
41,2,8.6
41,3,4.0
41,4,7.0
41,5,8.6
41,6,4.1
41,7,10.0
41,8,7.8
41,9,1.6
41,10,8.8
41,11,9.9
41,12,5.5
41,13,5.7
41,14,6.8
41,15,2.2
41,16,6.4
41,17,7.9
41,18,4.9
41,19,8.3
41,20,10.0
41,21,2.1
41,22,2.4
41,23,4.6
41,24,7.3
41,25,6.8
42,1,4.2
42,2,3.8
42,3,4.6
42,4,9.5
42,5,4.1
42,6,4.9
42,7,8.0
42,8,5.5
42,9,4.0
42,10,8.9
42,11,6.7
42,12,4.7
42,13,5.3
42,14,7.9
42,15,5.3
42,16,6.6
42,17,7.8
42,18,8.1
42,19,2.4
42,20,5.1
42,21,5.4
42,22,6.3
42,23,7.6
42,24,8.4
42,25,5.2
43,1,3.9
43,2,6.5
43,3,4.9
43,4,9.6
43,5,6.8
43,6,6.2
43,7,8.1
43,8,4.8
43,9,5.4
43,10,5.8
43,11,7.4
43,12,8.7
43,13,7.7
43,14,7.6
43,15,5.7
43,16,6.9
43,17,5.6
43,18,8.4
43,19,4.9
43,20,6.0
43,21,6.6
43,22,7.7
43,23,4.7
43,24,5.7
43,25,4.5
44,1,3.4
44,2,8.3
44,3,7.0
44,4,3.1
44,5,4.2
44,6,7.2
44,7,4.9
44,8,4.0
44,9,8.6
44,10,5.1
44,11,5.4
44,12,7.2
44,13,4.7
44,14,6.1
44,15,6.4
44,16,7.6
44,17,4.6
44,18,8.3
44,19,6.8
44,20,9.7
44,21,6.5
44,22,5.0
44,23,5.0
44,24,3.8
44,25,6.1
45,1,5.9
45,2,7.9
45,3,6.2
45,4,4.4
45,5,8.1
45,6,5.2
45,7,6.6
45,8,9.0
45,9,8.6
45,10,4.6
45,11,5.8
45,12,8.7
45,13,8.0
45,14,7.1
45,15,7.8
45,16,1.7
45,17,5.4
45,18,3.1
45,19,4.7
45,20,5.2
45,21,6.9
45,22,8.4
45,23,7.6
45,24,6.5
45,25,5.3
46,1,8.5
46,2,6.5
46,3,2.4
46,4,5.8
46,5,6.9
46,6,4.0
46,7,6.4
46,8,9.0
46,9,5.4
46,10,5.8
46,11,5.8
46,12,3.9
46,13,4.9
46,14,3.9
46,15,5.3
46,16,4.3
46,17,7.8
46,18,5.6
46,19,7.6
46,20,3.3
46,21,5.8
46,22,7.0
46,23,7.3
46,24,4.6
46,25,5.6
47,1,6.1
47,2,5.2
47,3,5.0
47,4,6.9
47,5,3.5
47,6,2.2
47,7,4.9
47,8,6.4
47,9,1.2
47,10,8.6
47,11,6.1
47,12,7.0
47,13,4.2
47,14,5.8
47,15,9.5
47,16,9.6
47,17,7.1
47,18,5.3
47,19,5.7
47,20,8.5
47,21,4.4
47,22,4.0
47,23,5.6
47,24,7.7
47,25,3.7
48,1,6.6
48,2,6.6
48,3,6.1
48,4,5.5
48,5,7.7
48,6,7.0
48,7,2.9
48,8,9.1
48,9,6.8
48,10,6.5
48,11,5.1
48,12,5.2
48,13,0.7
48,14,5.3
48,15,7.0
48,16,7.0
48,17,4.4
48,18,1.0
48,19,3.5
48,20,5.1
48,21,8.4
48,22,2.5
48,23,5.8
48,24,7.0
48,25,7.0
49,1,5.6
49,2,0.1
49,3,7.0
49,4,6.0
49,5,6.9
49,6,3.9
49,7,4.8
49,8,8.8
49,9,5.6
49,10,5.8
49,11,4.4
49,12,8.4
49,13,2.5
49,14,4.8
49,15,6.7
49,16,5.7
49,17,7.6
49,18,6.7
49,19,8.8
49,20,5.4
49,21,5.6
49,22,6.4
49,23,2.3
49,24,8.7
49,25,4.0
50,1,8.2
50,2,8.8
50,3,8.0
50,4,6.3
50,5,4.6
50,6,1.6
50,7,7.1
50,8,5.4
50,9,9.4
50,10,5.3
50,11,7.2
50,12,5.1
50,13,6.8
50,14,5.2
50,15,5.6
50,16,2.1
50,17,4.5
50,18,5.6
50,19,8.5
50,20,6.5
50,21,3.5
50,22,9.2
50,23,6.7
50,24,8.2
50,25,4.1
51,1,0.0
51,2,4.4
51,3,3.9
51,4,6.5
51,5,2.8
51,6,4.1
51,7,3.2
51,8,6.2
51,9,4.1
51,10,8.7
51,11,7.6
51,12,7.7
51,13,5.5
51,14,6.4
51,15,7.7
51,16,4.3
51,17,8.5
51,18,5.8
51,19,8.5
51,20,10.0
51,21,9.2
51,22,3.8
51,23,8.5
51,24,5.3
51,25,5.1
52,1,5.5
52,2,3.6
52,3,6.5
52,4,4.5
52,5,8.3
52,6,6.6
52,7,0.7
52,8,4.0
52,9,3.9
52,10,4.6
52,11,4.6
52,12,6.4
52,13,5.6
52,14,3.8
52,15,6.9
52,16,7.8
52,17,6.0
52,18,8.4
52,19,6.8
52,20,4.8
52,21,5.2
52,22,6.0
52,23,7.1
52,24,6.3
52,25,8.0
53,1,8.3
53,2,3.9
53,3,3.6
53,4,5.8
53,5,6.9
53,6,7.8
53,7,7.3
53,8,7.2
53,9,4.1
53,10,6.7
53,11,4.7
53,12,6.8
53,13,7.8
53,14,4.6
53,15,5.5
53,16,10.0
53,17,4.5
53,18,5.0
53,19,3.8
53,20,3.1
53,21,8.0
53,22,4.6
53,23,4.7
53,24,4.4
53,25,0.3
54,1,7.5
54,2,4.9
54,3,5.9
54,4,8.7
54,5,5.7
54,6,6.2
54,7,6.3
54,8,8.6
54,9,3.3
54,10,4.8
54,11,1.6
54,12,6.0
54,13,7.3
54,14,5.1
54,15,10.0
54,16,8.0
54,17,10.0
54,18,6.3
54,19,9.7
54,20,5.0
54,21,6.9
54,22,6.3
54,23,5.2
54,24,9.4
54,25,8.7
55,1,4.7
55,2,7.5
55,3,6.3
55,4,6.4
55,5,7.3
55,6,5.1
55,7,6.5
55,8,6.7
55,9,4.9
55,10,5.1
55,11,7.9
55,12,6.2
55,13,10.0
55,14,10.0
55,15,4.7
55,16,6.7
55,17,2.0
55,18,4.8
55,19,4.2
55,20,4.5
55,21,1.7
55,22,6.6
55,23,6.3
55,24,4.4
55,25,5.8
56,1,7.9
56,2,9.2
56,3,3.3
56,4,9.2
56,5,2.5
56,6,4.3
56,7,5.2
56,8,9.1
56,9,7.2
56,10,7.2
56,11,9.1
56,12,6.4
56,13,5.1
56,14,9.0
56,15,5.5
56,16,3.4
56,17,2.5
56,18,6.3
56,19,9.8
56,20,7.5
56,21,6.1
56,22,8.4
56,23,3.0
56,24,6.9
56,25,4.9
57,1,8.8
57,2,4.3
57,3,7.6
57,4,6.4
57,5,6.0
57,6,7.4
57,7,5.7
57,8,8.9
57,9,5.6
57,10,1.6
57,11,8.9
57,12,8.7
57,13,7.0
57,14,8.8
57,15,7.4
57,16,4.3
57,17,1.9
57,18,3.9
57,19,5.4
57,20,7.0
57,21,3.1
57,22,4.2
57,23,9.0
57,24,4.6
57,25,4.5
58,1,4.1
58,2,9.3
58,3,7.6
58,4,7.8
58,5,9.3
58,6,7.9
58,7,8.7
58,8,6.7
58,9,7.7
58,10,7.3
58,11,7.4
58,12,3.6
58,13,5.6
58,14,5.2
58,15,4.7
58,16,5.9
58,17,9.6
58,18,7.9
58,19,6.2
58,20,6.7
58,21,8.8
58,22,3.5
58,23,6.8
58,24,9.3
58,25,9.6
59,1,7.8
59,2,7.1
59,3,2.3
59,4,4.5
59,5,5.9
59,6,6.7
59,7,6.8
59,8,1.3
59,9,4.9
59,10,6.5
59,11,4.4
59,12,5.5
59,13,7.0
59,14,6.6
59,15,6.3
59,16,7.4
59,17,8.2
59,18,5.4
59,19,3.8
59,20,4.5
59,21,5.0
59,22,5.9
59,23,2.9
59,24,4.4
59,25,5.4
60,1,8.7
60,2,7.0
60,3,5.7
60,4,7.7
60,5,6.3
60,6,6.4
60,7,8.1
60,8,6.6
60,9,6.3
60,10,7.4
60,11,4.9
60,12,6.1
60,13,1.8
60,14,5.1
60,15,9.1
60,16,5.3
60,17,6.0
60,18,5.1
60,19,3.9
60,20,7.0
60,21,5.9
60,22,8.2
60,23,4.2
60,24,6.1
60,25,5.3
61,1,4.8
61,2,8.2
61,3,4.5
61,4,4.6
61,5,10.0
61,6,5.9
61,7,5.6
61,8,6.9
61,9,4.0
61,10,6.7
61,11,3.6
61,12,5.1
61,13,4.9
61,14,8.7
61,15,7.3
61,16,9.7
61,17,9.4
61,18,4.6
61,19,7.1
61,20,5.1
61,21,4.7
61,22,8.4
61,23,8.9
61,24,6.3
61,25,6.7
62,1,6.6
62,2,6.7
62,3,6.7
62,4,4.0
62,5,7.2
62,6,4.6
62,7,3.6
62,8,5.7
62,9,6.5
62,10,7.7
62,11,6.8
62,12,6.6
62,13,4.7
62,14,6.8
62,15,6.4
62,16,6.6
62,17,4.5
62,18,9.4
62,19,7.5
62,20,7.4
62,21,6.2
62,22,5.4
62,23,7.9
62,24,3.3
62,25,5.1
63,1,5.4
63,2,7.1
63,3,5.4
63,4,8.8
63,5,2.5
63,6,9.1
63,7,6.6
63,8,7.9
63,9,5.0
63,10,8.1
63,11,5.3
63,12,6.5
63,13,3.0
63,14,7.1
63,15,6.2
63,16,2.2
63,17,5.8
63,18,5.3
63,19,7.6
63,20,4.6
63,21,6.4
63,22,8.6
63,23,4.2
63,24,9.7
63,25,6.5
64,1,5.5
64,2,3.2
64,3,2.4
64,4,7.9
64,5,5.1
64,6,4.7
64,7,8.1
64,8,7.3
64,9,6.2
64,10,3.0
64,11,2.1
64,12,7.9
64,13,5.9
64,14,5.5
64,15,9.8
64,16,5.1
64,17,6.7
64,18,10.0
64,19,7.2
64,20,4.9
64,21,4.3
64,22,8.4
64,23,3.5
64,24,7.7
64,25,9.3
65,1,5.8
65,2,7.7
65,3,6.2
65,4,8.9
65,5,6.6
65,6,4.6
65,7,6.7
65,8,6.3
65,9,4.8
65,10,5.5
65,11,3.6
65,12,4.3
65,13,7.3
65,14,2.3
65,15,6.6
65,16,6.0
65,17,4.8
65,18,8.8
65,19,7.4
65,20,4.8
65,21,6.4
65,22,7.9
65,23,2.9
65,24,6.5
65,25,5.5
66,1,6.8
66,2,10.0
66,3,4.7
66,4,5.3
66,5,3.6
66,6,6.5
66,7,7.3
66,8,1.1
66,9,9.0
66,10,9.2
66,11,0.7
66,12,3.0
66,13,7.0
66,14,6.2
66,15,8.4
66,16,5.5
66,17,8.6
66,18,3.3
66,19,6.9
66,20,5.2
66,21,5.1
66,22,2.5
66,23,5.2
66,24,8.8
66,25,4.8
67,1,5.6
67,2,6.3
67,3,4.1
67,4,6.6
67,5,7.2
67,6,5.6
67,7,2.3
67,8,9.2
67,9,6.2
67,10,6.0
67,11,5.7
67,12,4.9
67,13,2.7
67,14,6.0
67,15,6.4
67,16,8.1
67,17,9.4
67,18,4.6
67,19,9.3
67,20,6.3
67,21,7.3
67,22,4.1
67,23,6.8
67,24,4.2
67,25,7.5
68,1,3.6
68,2,6.2
68,3,5.3
68,4,6.8
68,5,6.6
68,6,6.4
68,7,5.1
68,8,7.9
68,9,7.3
68,10,4.6
68,11,7.6
68,12,4.8
68,13,6.3
68,14,5.9
68,15,5.9
68,16,7.7
68,17,2.5
68,18,8.7
68,19,2.6
68,20,8.7
68,21,7.3
68,22,3.2
68,23,6.9
68,24,5.5
68,25,3.8
69,1,8.6
69,2,8.4
69,3,7.0
69,4,9.6
69,5,6.5
69,6,5.7
69,7,8.9
69,8,4.7
69,9,7.8
69,10,8.5
69,11,6.7
69,12,6.5
69,13,7.2
69,14,6.7
69,15,4.8
69,16,0.0
69,17,5.2
69,18,3.3
69,19,8.2
69,20,5.3
69,21,6.7
69,22,7.8
69,23,8.3
69,24,4.4
69,25,10.0
70,1,8.1
70,2,7.6
70,3,4.4
70,4,10.0
70,5,7.6
70,6,8.5
70,7,5.7
70,8,10.0
70,9,9.3
70,10,6.1
70,11,10.0
70,12,4.1
70,13,8.0
70,14,7.6
70,15,7.6
70,16,4.8
70,17,5.5
70,18,8.2
70,19,8.4
70,20,6.1
70,21,5.7
70,22,5.1
70,23,8.9
70,24,5.8
70,25,5.0
71,1,2.3
71,2,2.5
71,3,3.8
71,4,2.0
71,5,5.2
71,6,5.4
71,7,4.0
71,8,5.2
71,9,5.8
71,10,2.4
71,11,7.4
71,12,0.4
71,13,10.0
71,14,3.0
71,15,6.1
71,16,5.3
71,17,6.8
71,18,4.5
71,19,7.1
71,20,2.8
71,21,7.5
71,22,5.4
71,23,6.8
71,24,8.1
71,25,3.6
72,1,4.8
72,2,4.5
72,3,5.8
72,4,6.3
72,5,7.5
72,6,6.4
72,7,5.7
72,8,7.1
72,9,8.1
72,10,8.0
72,11,10.0
72,12,4.7
72,13,6.5
72,14,3.3
72,15,4.6
72,16,7.3
72,17,8.5
72,18,5.0
72,19,6.9
72,20,6.2
72,21,7.0
72,22,6.4
72,23,5.0
72,24,1.5
72,25,3.0
73,1,6.8
73,2,5.8
73,3,10.0
73,4,6.1
73,5,7.9
73,6,3.6
73,7,3.2
73,8,6.4
73,9,9.4
73,10,6.8
73,11,5.4
73,12,6.8
73,13,7.3
73,14,6.9
73,15,6.1
73,16,3.9
73,17,3.7
73,18,5.0
73,19,5.7
73,20,3.4
73,21,9.2
73,22,7.2
73,23,4.9
73,24,7.5
73,25,10.0
74,1,6.5
74,2,6.5
74,3,8.1
74,4,3.3
74,5,4.9
74,6,4.5
74,7,7.6
74,8,2.6
74,9,6.7
74,10,5.0
74,11,5.4
74,12,4.9
74,13,9.0
74,14,4.3
74,15,3.6
74,16,6.6
74,17,4.8
74,18,7.0
74,19,5.9
74,20,6.1
74,21,6.1
74,22,2.6
74,23,1.9
74,24,10.0
74,25,3.6
75,1,7.0
75,2,3.7
75,3,5.8
75,4,5.5
75,5,8.9
75,6,5.6
75,7,2.9
75,8,3.1
75,9,6.6
75,10,7.7
75,11,10.0
75,12,10.0
75,13,3.1
75,14,5.8
75,15,3.5
75,16,6.6
75,17,7.6
75,18,2.3
75,19,7.7
75,20,7.4
75,21,5.5
75,22,4.8
75,23,9.3
75,24,5.7
75,25,3.8
76,1,6.2
76,2,8.1
76,3,7.4
76,4,2.1
76,5,3.3
76,6,5.2
76,7,6.3
76,8,6.3
76,9,3.5
76,10,7.8
76,11,6.9
76,12,2.8
76,13,4.1
76,14,5.8
76,15,2.9
76,16,6.0
76,17,6.3
76,18,5.1
76,19,7.2
76,20,9.6
76,21,4.7
76,22,7.0
76,23,5.1
76,24,9.1
76,25,8.5
77,1,6.0
77,2,4.8
77,3,7.6
77,4,5.9
77,5,3.5
77,6,4.0
77,7,5.7
77,8,10.0
77,9,8.2
77,10,8.8
77,11,7.9
77,12,8.8
77,13,9.0
77,14,3.8
77,15,7.2
77,16,7.3
77,17,7.0
77,18,6.8
77,19,0.9
77,20,6.4
77,21,3.3
77,22,7.9
77,23,5.0
77,24,5.5
77,25,5.9
78,1,1.9
78,2,5.7
78,3,3.5
78,4,7.9
78,5,4.9
78,6,3.7
78,7,8.5
78,8,5.4
78,9,4.0
78,10,5.8
78,11,5.6
78,12,6.5
78,13,4.0
78,14,8.1
78,15,6.6
78,16,9.2
78,17,7.1
78,18,4.0
78,19,8.1
78,20,5.5
78,21,6.2
78,22,1.1
78,23,3.5
78,24,8.7
78,25,8.2
79,1,2.5
79,2,6.7
79,3,6.7
79,4,8.5
79,5,3.8
79,6,2.5
79,7,6.6
79,8,4.7
79,9,4.8
79,10,4.2
79,11,8.5
79,12,4.3
79,13,8.0
79,14,7.3
79,15,4.7
79,16,8.0
79,17,8.6
79,18,6.7
79,19,5.6
79,20,7.5
79,21,4.5
79,22,7.0
79,23,9.1
79,24,3.3
79,25,2.4
80,1,7.5
80,2,4.3
80,3,5.1
80,4,6.3
80,5,4.8
80,6,6.3
80,7,4.1
80,8,5.0
80,9,5.9
80,10,7.1
80,11,5.2
80,12,6.7
80,13,7.2
80,14,7.0
80,15,5.8
80,16,8.6
80,17,4.5
80,18,8.1
80,19,8.0
80,20,7.8
80,21,5.0
80,22,8.0
80,23,7.0
80,24,3.8
80,25,5.4
81,1,3.4
81,2,6.8
81,3,8.8
81,4,7.9
81,5,4.1
81,6,4.0
81,7,5.7
81,8,5.7
81,9,7.5
81,10,5.4
81,11,8.3
81,12,5.0
81,13,8.1
81,14,3.2
81,15,5.0
81,16,6.1
81,17,7.7
81,18,7.1
81,19,4.3
81,20,3.5
81,21,6.0
81,22,5.9
81,23,5.3
81,24,6.0
81,25,3.4
82,1,7.1
82,2,8.1
82,3,4.3
82,4,4.4
82,5,8.5
82,6,8.2
82,7,4.5
82,8,4.7
82,9,2.6
82,10,7.1
82,11,6.5
82,12,6.1
82,13,10.0
82,14,5.7
82,15,5.8
82,16,6.6
82,17,5.7
82,18,8.3
82,19,5.7
82,20,6.3
82,21,10.0
82,22,4.9
82,23,3.7
82,24,6.4
82,25,4.9
83,1,4.8
83,2,6.5
83,3,7.8
83,4,3.0
83,5,5.7
83,6,1.9
83,7,7.9
83,8,4.0
83,9,7.3
83,10,9.6
83,11,8.7
83,12,6.9
83,13,2.1
83,14,9.8
83,15,5.2
83,16,7.6
83,17,5.0
83,18,5.5
83,19,9.2
83,20,2.7
83,21,3.5
83,22,5.4
83,23,8.1
83,24,1.0
83,25,8.5
84,1,5.2
84,2,7.4
84,3,10.0
84,4,7.0
84,5,8.2
84,6,8.8
84,7,5.4
84,8,6.3
84,9,5.7
84,10,6.5
84,11,5.4
84,12,5.0
84,13,4.8
84,14,7.5
84,15,3.3
84,16,6.2
84,17,8.8
84,18,3.2
84,19,2.5
84,20,7.4
84,21,4.4
84,22,4.5
84,23,7.3
84,24,6.6
84,25,4.6
85,1,5.3
85,2,3.0
85,3,4.8
85,4,5.8
85,5,7.1
85,6,7.2
85,7,9.5
85,8,5.9
85,9,8.0
85,10,6.6
85,11,4.0
85,12,6.6
85,13,6.7
85,14,7.4
85,15,7.0
85,16,6.3
85,17,4.2
85,18,5.4
85,19,6.6
85,20,7.3
85,21,7.6
85,22,6.7
85,23,7.3
85,24,8.9
85,25,6.4
86,1,4.9
86,2,3.2
86,3,6.1
86,4,7.2
86,5,5.3
86,6,9.0
86,7,4.3
86,8,5.3
86,9,5.9
86,10,3.5
86,11,8.0
86,12,4.5
86,13,3.6
86,14,2.3
86,15,7.8
86,16,8.5
86,17,3.9
86,18,3.1
86,19,5.0
86,20,5.9
86,21,4.9
86,22,6.9
86,23,3.8
86,24,10.0
86,25,6.7
87,1,8.0
87,2,5.1
87,3,7.9
87,4,9.3
87,5,4.5
87,6,6.2
87,7,8.0
87,8,6.8
87,9,4.3
87,10,5.0
87,11,7.2
87,12,6.6
87,13,4.7
87,14,6.6
87,15,1.5
87,16,6.1
87,17,7.9
87,18,7.9
87,19,5.1
87,20,6.5
87,21,6.4
87,22,5.7
87,23,4.3
87,24,3.1
87,25,4.7
88,1,3.4
88,2,1.6
88,3,8.2
88,4,2.8
88,5,4.4
88,6,4.3
88,7,2.1
88,8,6.2
88,9,2.1
88,10,9.0
88,11,2.7
88,12,3.9
88,13,5.1
88,14,5.2
88,15,5.4
88,16,7.7
88,17,8.2
88,18,10.0
88,19,3.5
88,20,8.1
88,21,7.4
88,22,5.5
88,23,3.5
88,24,10.0
88,25,8.6
89,1,2.6
89,2,9.2
89,3,7.1
89,4,6.6
89,5,7.8
89,6,4.9
89,7,5.9
89,8,8.1
89,9,3.8
89,10,3.4
89,11,2.7
89,12,7.7
89,13,4.0
89,14,5.4
89,15,5.1
89,16,7.3
89,17,6.8
89,18,4.4
89,19,8.9
89,20,6.9
89,21,6.8
89,22,5.2
89,23,5.4
89,24,5.5
89,25,6.1
90,1,6.9
90,2,6.9
90,3,5.5
90,4,5.8
90,5,7.5
90,6,8.5
90,7,8.6
90,8,6.0
90,9,3.5
90,10,6.4
90,11,6.4
90,12,6.2
90,13,7.1
90,14,5.0
90,15,6.3
90,16,1.4
90,17,9.6
90,18,6.1
90,19,5.4
90,20,7.1
90,21,5.5
90,22,4.6
90,23,7.7
90,24,6.2
90,25,4.7
91,1,7.4
91,2,6.9
91,3,6.8
91,4,5.4
91,5,8.2
91,6,4.2
91,7,7.7
91,8,9.1
91,9,4.2
91,10,6.5
91,11,2.4
91,12,6.1
91,13,2.6
91,14,3.3
91,15,6.4
91,16,8.2
91,17,7.0
91,18,5.6
91,19,4.4
91,20,6.0
91,21,10.0
91,22,8.9
91,23,3.3
91,24,4.6
91,25,3.1
92,1,7.1
92,2,5.4
92,3,2.9
92,4,5.6
92,5,5.0
92,6,3.8
92,7,5.3
92,8,7.7
92,9,4.1
92,10,5.3
92,11,3.1
92,12,5.1
92,13,8.7
92,14,7.1
92,15,4.6
92,16,4.8
92,17,8.5
92,18,5.7
92,19,5.0
92,20,8.3
92,21,5.2
92,22,4.6
92,23,6.9
92,24,3.4
92,25,5.2
93,1,4.5
93,2,6.4
93,3,5.9
93,4,9.8
93,5,7.5
93,6,6.2
93,7,7.3
93,8,5.7
93,9,6.7
93,10,7.3
93,11,7.1
93,12,9.0
93,13,7.3
93,14,4.8
93,15,6.7
93,16,3.9
93,17,10.0
93,18,2.4
93,19,5.9
93,20,7.2
93,21,4.3
93,22,5.3
93,23,8.2
93,24,3.7
93,25,8.0
94,1,5.7
94,2,5.4
94,3,10.0
94,4,7.7
94,5,6.9
94,6,5.6
94,7,6.5
94,8,5.8
94,9,9.8
94,10,6.5
94,11,4.7
94,12,5.1
94,13,7.0
94,14,3.9
94,15,4.6
94,16,2.9
94,17,1.5
94,18,10.0
94,19,5.7
94,20,9.7
94,21,7.3
94,22,6.8
94,23,3.9
94,24,6.1
94,25,6.5
95,1,4.4
95,2,7.6
95,3,8.7
95,4,7.1
95,5,6.6
95,6,2.7
95,7,10.0
95,8,7.7
95,9,3.8
95,10,3.9
95,11,4.8
95,12,4.2
95,13,6.3
95,14,4.5
95,15,6.4
95,16,5.3
95,17,5.6
95,18,3.8
95,19,6.5
95,20,6.7
95,21,4.5
95,22,2.8
95,23,6.3
95,24,2.5
95,25,4.6
96,1,7.1
96,2,8.7
96,3,5.6
96,4,6.8
96,5,8.7
96,6,4.0
96,7,5.2
96,8,6.7
96,9,8.8
96,10,3.7
96,11,3.7
96,12,8.1
96,13,8.5
96,14,4.8
96,15,6.2
96,16,8.0
96,17,5.6
96,18,2.2
96,19,6.5
96,20,8.0
96,21,3.5
96,22,8.7
96,23,5.4
96,24,2.4
96,25,6.5
97,1,3.0
97,2,8.8
97,3,7.0
97,4,9.6
97,5,2.6
97,6,6.3
97,7,9.0
97,8,8.5
97,9,7.3
97,10,6.8
97,11,7.3
97,12,8.1
97,13,9.7
97,14,2.5
97,15,4.0
97,16,4.9
97,17,6.4
97,18,6.8
97,19,5.3
97,20,5.9
97,21,7.6
97,22,8.5
97,23,4.4
97,24,5.5
97,25,6.1
98,1,10.0
98,2,4.7
98,3,6.6
98,4,6.1
98,5,5.2
98,6,7.9
98,7,5.8
98,8,5.0
98,9,6.1
98,10,6.5
98,11,4.7
98,12,4.5
98,13,8.3
98,14,4.8
98,15,7.8
98,16,5.6
98,17,4.2
98,18,3.6
98,19,2.5
98,20,7.3
98,21,7.2
98,22,5.0
98,23,3.7
98,24,4.8
98,25,6.2
99,1,8.4
99,2,4.5
99,3,2.4
99,4,6.3
99,5,5.1
99,6,4.1
99,7,2.0
99,8,6.9
99,9,8.6
99,10,3.7
99,11,2.7
99,12,4.6
99,13,5.1
99,14,6.8
99,15,5.9
99,16,2.3
99,17,6.3
99,18,6.3
99,19,4.6
99,20,6.3
99,21,2.9
99,22,5.0
99,23,2.9
99,24,5.6
99,25,7.2
100,1,1.7
100,2,5.7
100,3,7.1
100,4,6.2
100,5,8.9
100,6,5.6
100,7,10.0
100,8,5.9
100,9,3.3
100,10,5.4
100,11,4.4
100,12,8.2
100,13,9.0
100,14,9.2
100,15,7.3
100,16,5.5
100,17,4.6
100,18,3.5
100,19,7.2
100,20,3.3
100,21,5.3
100,22,6.3
100,23,6.7
100,24,3.0
100,25,3.3
101,1,3.4
101,2,7.5
101,3,3.5
101,4,4.0
101,5,7.0
101,6,7.7
101,7,9.7
101,8,5.8
101,9,7.8
101,10,2.3
101,11,7.2
101,12,7.6
101,13,7.9
101,14,5.0
101,15,8.8
101,16,9.2
101,17,6.0
101,18,6.1
101,19,5.3
101,20,5.4
101,21,6.0
101,22,3.4
101,23,3.2
101,24,5.4
101,25,4.9
102,1,7.9
102,2,5.5
102,3,4.0
102,4,2.3
102,5,5.3
102,6,3.8
102,7,2.3
102,8,9.8
102,9,2.1
102,10,9.3
102,11,10.0
102,12,6.2
102,13,5.1
102,14,7.4
102,15,4.2
102,16,6.4
102,17,7.6
102,18,3.5
102,19,9.1
102,20,6.2
102,21,6.6
102,22,8.7
102,23,3.2
102,24,3.5
102,25,6.6
103,1,6.8
103,2,5.5
103,3,5.8
103,4,5.5
103,5,4.1
103,6,3.4
103,7,4.5
103,8,6.3
103,9,6.9
103,10,3.5
103,11,9.5
103,12,10.0
103,13,6.4
103,14,4.4
103,15,5.6
103,16,7.6
103,17,5.8
103,18,9.8
103,19,5.4
103,20,7.9
103,21,6.9
103,22,10.0
103,23,6.8
103,24,7.0
103,25,4.3
104,1,5.5
104,2,3.3
104,3,10.0
104,4,6.1
104,5,5.6
104,6,6.1
104,7,6.8
104,8,7.2
104,9,2.4
104,10,8.6
104,11,6.2
104,12,5.9
104,13,9.7
104,14,6.6
104,15,4.4
104,16,4.3
104,17,7.6
104,18,6.2
104,19,6.3
104,20,3.4
104,21,6.4
104,22,4.7
104,23,4.4
104,24,8.6
104,25,6.6
105,1,5.5
105,2,8.0
105,3,9.8
105,4,3.0
105,5,7.9
105,6,6.6
105,7,5.9
105,8,8.9
105,9,7.8
105,10,5.1
105,11,8.6
105,12,5.7
105,13,6.0
105,14,3.4
105,15,6.1
105,16,7.3
105,17,5.4
105,18,6.1
105,19,8.6
105,20,5.7
105,21,4.8
105,22,9.5
105,23,4.6
105,24,1.2
105,25,3.4
106,1,5.5
106,2,3.6
106,3,3.7
106,4,5.0
106,5,5.6
106,6,5.5
106,7,6.0
106,8,8.2
106,9,10.0
106,10,8.4
106,11,7.4
106,12,4.7
106,13,6.2
106,14,3.9
106,15,6.0
106,16,3.8
106,17,8.2
106,18,10.0
106,19,8.0
106,20,10.0
106,21,3.8
106,22,7.8
106,23,5.8
106,24,6.4
106,25,3.9
107,1,5.9
107,2,5.8
107,3,4.6
107,4,8.4
107,5,7.6
107,6,8.5
107,7,5.0
107,8,4.7
107,9,3.7
107,10,7.7
107,11,8.0
107,12,6.0
107,13,4.6
107,14,6.2
107,15,7.0
107,16,7.1
107,17,5.5
107,18,8.3
107,19,8.7
107,20,4.2
107,21,6.7
107,22,6.2
107,23,3.4
107,24,4.9
107,25,6.6
108,1,8.5
108,2,4.6
108,3,5.3
108,4,5.6
108,5,5.2
108,6,3.1
108,7,7.7
108,8,5.6
108,9,7.0
108,10,7.4
108,11,5.2
108,12,4.1
108,13,4.6
108,14,5.0
108,15,4.4
108,16,5.4
108,17,3.2
108,18,5.1
108,19,4.8
108,20,6.5
108,21,7.0
108,22,9.7
108,23,8.5
108,24,7.5
108,25,6.1
109,1,6.2
109,2,6.8
109,3,5.7
109,4,6.2
109,5,4.4
109,6,6.9
109,7,4.3
109,8,5.2
109,9,5.0
109,10,10.0
109,11,6.4
109,12,8.1
109,13,3.6
109,14,7.3
109,15,5.5
109,16,8.0
109,17,5.4
109,18,3.8
109,19,7.7
109,20,6.2
109,21,3.5
109,22,5.9
109,23,4.2
109,24,7.5
109,25,6.3
110,1,6.9
110,2,4.2
110,3,8.8
110,4,5.0
110,5,6.8
110,6,5.7
110,7,6.3
110,8,3.7
110,9,6.3
110,10,6.9
110,11,3.6
110,12,8.2
110,13,4.2
110,14,5.0
110,15,4.9
110,16,8.5
110,17,5.1
110,18,5.3
110,19,6.8
110,20,6.5
110,21,8.5
110,22,5.3
110,23,4.9
110,24,4.6
110,25,4.5
111,1,7.6
111,2,7.2
111,3,5.5
111,4,5.9
111,5,1.7
111,6,7.8
111,7,7.0
111,8,1.9
111,9,5.0
111,10,5.9
111,11,9.0
111,12,6.7
111,13,8.6
111,14,9.3
111,15,7.6
111,16,4.2
111,17,3.5
111,18,5.6
111,19,7.7
111,20,7.0
111,21,3.5
111,22,7.6
111,23,4.3
111,24,5.4
111,25,8.2
112,1,6.4
112,2,5.1
112,3,4.6
112,4,6.3
112,5,6.7
112,6,5.9
112,7,4.6
112,8,7.1
112,9,7.9
112,10,3.9
112,11,7.5
112,12,4.9
112,13,5.7
112,14,8.1
112,15,3.7
112,16,5.9
112,17,9.6
112,18,9.1
112,19,5.0
112,20,4.0
112,21,8.7
112,22,6.7
112,23,6.7
112,24,3.1
112,25,6.4
113,1,3.1
113,2,5.6
113,3,9.9
113,4,8.7
113,5,9.4
113,6,6.3
113,7,7.0
113,8,5.4
113,9,10.0
113,10,5.1
113,11,3.3
113,12,5.2
113,13,8.3
113,14,5.1
113,15,6.6
113,16,3.3
113,17,4.8
113,18,3.5
113,19,3.9
113,20,5.6
113,21,7.3
113,22,10.0
113,23,7.2
113,24,3.9
113,25,3.9
114,1,3.0
114,2,5.8
114,3,4.1
114,4,5.6
114,5,3.8
114,6,9.2
114,7,5.4
114,8,7.6
114,9,5.5
114,10,10.0
114,11,3.2
114,12,7.2
114,13,8.9
114,14,6.1
114,15,8.1
114,16,6.1
114,17,8.5
114,18,6.2
114,19,9.8
114,20,3.1
114,21,7.9
114,22,5.3
114,23,5.5
114,24,7.5
114,25,5.0
115,1,5.0
115,2,7.5
115,3,4.0
115,4,5.8
115,5,8.4
115,6,4.6
115,7,8.7
115,8,4.1
115,9,6.8
115,10,6.4
115,11,3.4
115,12,7.8
115,13,3.3
115,14,9.0
115,15,9.3
115,16,4.9
115,17,6.3
115,18,5.8
115,19,3.3
115,20,4.5
115,21,6.0
115,22,6.2
115,23,8.7
115,24,5.2
115,25,5.0
116,1,7.5
116,2,7.8
116,3,5.7
116,4,6.6
116,5,5.0
116,6,5.9
116,7,1.9
116,8,2.6
116,9,7.9
116,10,4.9
116,11,3.9
116,12,7.2
116,13,10.0
116,14,8.3
116,15,7.1
116,16,6.2
116,17,9.9
116,18,9.8
116,19,6.8
116,20,5.6
116,21,6.5
116,22,7.4
116,23,6.0
116,24,5.3
116,25,5.1
117,1,3.3
117,2,5.7
117,3,6.8
117,4,3.5
117,5,4.4
117,6,8.2
117,7,4.5
117,8,6.9
117,9,3.9
117,10,2.2
117,11,6.8
117,12,7.3
117,13,6.5
117,14,6.0
117,15,9.0
117,16,5.4
117,17,4.4
117,18,6.5
117,19,8.1
117,20,6.7
117,21,8.1
117,22,9.1
117,23,4.4
117,24,5.8
117,25,5.5
118,1,7.2
118,2,2.8
118,3,7.9
118,4,3.2
118,5,6.8
118,6,5.3
118,7,5.1
118,8,7.1
118,9,3.5
118,10,7.2
118,11,5.3
118,12,3.2
118,13,8.0
118,14,3.5
118,15,7.2
118,16,5.2
118,17,5.2
118,18,8.7
118,19,6.6
118,20,5.5
118,21,7.7
118,22,5.0
118,23,9.1
118,24,4.7
118,25,7.0
119,1,4.8
119,2,7.4
119,3,4.2
119,4,5.8
119,5,7.4
119,6,3.3
119,7,5.6
119,8,6.7
119,9,4.9
119,10,5.2
119,11,7.3
119,12,7.6
119,13,2.8
119,14,4.1
119,15,0.6
119,16,5.8
119,17,7.1
119,18,4.1
119,19,3.4
119,20,6.7
119,21,4.7
119,22,9.9
119,23,8.7
119,24,2.1
119,25,7.2
120,1,7.1
120,2,7.2
120,3,5.7
120,4,2.9
120,5,6.0
120,6,4.7
120,7,9.4
120,8,7.0
120,9,8.3
120,10,3.7
120,11,5.8
120,12,5.3
120,13,4.0
120,14,4.8
120,15,2.6
120,16,5.9
120,17,3.9
120,18,5.9
120,19,6.4
120,20,5.1
120,21,4.2
120,22,7.3
120,23,7.2
120,24,4.6
120,25,7.7
121,1,0.4
121,2,5.9
121,3,6.6
121,4,5.6
121,5,2.3
121,6,5.6
121,7,7.6
121,8,6.3
121,9,3.1
121,10,5.8
121,11,9.2
121,12,8.3
121,13,8.7
121,14,5.7
121,15,7.3
121,16,5.8
121,17,5.7
121,18,3.7
121,19,5.9
121,20,7.9
121,21,6.1
121,22,2.2
121,23,7.0
121,24,3.7
121,25,6.9
122,1,4.3
122,2,9.0
122,3,5.5
122,4,8.0
122,5,3.1
122,6,5.5
122,7,6.2
122,8,3.1
122,9,4.7
122,10,4.8
122,11,6.1
122,12,6.0
122,13,2.6
122,14,8.2
122,15,7.1
122,16,4.7
122,17,7.8
122,18,5.4
122,19,4.7
122,20,3.2
122,21,0.6
122,22,6.5
122,23,8.1
122,24,7.1
122,25,7.1
123,1,9.8
123,2,3.0
123,3,7.3
123,4,9.9
123,5,5.7
123,6,9.8
123,7,5.4
123,8,4.9
123,9,2.2
123,10,7.2
123,11,7.7
123,12,7.2
123,13,6.5
123,14,7.6
123,15,5.7
123,16,2.7
123,17,6.7
123,18,7.2
123,19,10.0
123,20,5.2
123,21,6.4
123,22,2.6
123,23,2.5
123,24,3.8
123,25,9.0
124,1,6.3
124,2,6.2
124,3,5.0
124,4,6.5
124,5,7.8
124,6,7.2
124,7,5.9
124,8,6.4
124,9,6.8
124,10,7.5
124,11,6.8
124,12,5.5
124,13,3.3
124,14,6.3
124,15,6.1
124,16,5.8
124,17,5.2
124,18,3.7
124,19,8.1
124,20,4.7
124,21,5.8
124,22,5.0
124,23,3.4
124,24,7.3
124,25,2.8
125,1,5.9
125,2,5.1
125,3,5.9
125,4,3.9
125,5,7.9
125,6,8.5
125,7,7.3
125,8,4.9
125,9,3.2
125,10,10.0
125,11,2.0
125,12,3.5
125,13,6.6
125,14,6.9
125,15,3.5
125,16,6.8
125,17,3.1
125,18,7.3
125,19,6.7
125,20,5.9
125,21,8.1
125,22,6.6
125,23,1.3
125,24,7.5
125,25,6.5
126,1,7.9
126,2,5.5
126,3,7.5
126,4,5.3
126,5,6.9
126,6,7.8
126,7,4.9
126,8,4.8
126,9,6.2
126,10,7.6
126,11,6.8
126,12,6.4
126,13,7.4
126,14,6.8
126,15,4.0
126,16,8.8
126,17,8.6
126,18,8.2
126,19,2.7
126,20,8.5
126,21,3.9
126,22,6.1
126,23,5.7
126,24,9.3
126,25,8.0
127,1,6.1
127,2,7.0
127,3,4.9
127,4,3.9
127,5,7.4
127,6,7.6
127,7,6.2
127,8,9.2
127,9,9.7
127,10,5.2
127,11,6.7
127,12,7.1
127,13,2.4
127,14,8.5
127,15,8.2
127,16,7.0
127,17,6.2
127,18,5.5
127,19,9.0
127,20,5.0
127,21,7.0
127,22,6.1
127,23,8.8
127,24,9.2
127,25,6.5
128,1,6.3
128,2,3.8
128,3,4.1
128,4,6.9
128,5,7.1
128,6,6.2
128,7,3.8
128,8,4.2
128,9,0.4
128,10,5.7
128,11,1.0
128,12,2.1
128,13,3.9
128,14,7.8
128,15,3.4
128,16,7.0
128,17,9.6
128,18,7.2
128,19,6.9
128,20,3.4
128,21,5.1
128,22,2.4
128,23,7.0
128,24,6.8
128,25,8.6
129,1,5.9
129,2,6.4
129,3,4.0
129,4,6.6
129,5,8.2
129,6,6.8
129,7,7.4
129,8,6.0
129,9,6.8
129,10,6.1
129,11,4.2
129,12,5.7
129,13,7.4
129,14,6.6
129,15,5.7
129,16,4.2
129,17,7.0
129,18,4.9
129,19,5.5
129,20,7.2
129,21,8.1
129,22,4.8
129,23,5.2
129,24,7.4
129,25,5.4
130,1,9.4
130,2,7.9
130,3,6.1
130,4,3.8
130,5,7.6
130,6,6.3
130,7,3.0
130,8,4.2
130,9,5.6
130,10,7.3
130,11,2.0
130,12,5.6
130,13,6.2
130,14,10.0
130,15,6.4
130,16,6.3
130,17,5.8
130,18,6.5
130,19,7.0
130,20,5.4
130,21,6.8
130,22,9.6
130,23,5.4
130,24,7.1
130,25,9.7
131,1,4.4
131,2,5.8
131,3,4.6
131,4,7.6
131,5,8.1
131,6,6.8
131,7,5.8
131,8,5.7
131,9,6.3
131,10,8.1
131,11,6.7
131,12,8.9
131,13,9.9
131,14,5.4
131,15,9.3
131,16,8.6
131,17,5.9
131,18,1.4
131,19,4.0
131,20,7.5
131,21,2.3
131,22,8.6
131,23,4.2
131,24,6.5
131,25,4.6
132,1,5.1
132,2,6.3
132,3,3.5
132,4,5.4
132,5,4.8
132,6,7.4
132,7,3.9
132,8,10.0
132,9,9.3
132,10,3.4
132,11,3.3
132,12,4.8
132,13,6.6
132,14,7.1
132,15,7.2
132,16,7.6
132,17,5.8
132,18,3.6
132,19,4.0
132,20,5.1
132,21,4.3
132,22,10.0
132,23,5.1
132,24,8.4
132,25,7.4
133,1,4.3
133,2,3.3
133,3,5.3
133,4,6.6
133,5,5.3
133,6,8.1
133,7,4.7
133,8,4.7
133,9,6.5
133,10,9.9
133,11,7.6
133,12,9.6
133,13,5.1
133,14,8.2
133,15,7.0
133,16,10.0
133,17,5.3
133,18,6.6
133,19,4.5
133,20,3.9
133,21,7.7
133,22,7.3
133,23,4.3
133,24,8.2
133,25,6.1
134,1,6.3
134,2,10.0
134,3,7.9
134,4,8.6
134,5,9.5
134,6,7.1
134,7,5.9
134,8,9.4
134,9,9.9
134,10,3.5
134,11,4.8
134,12,4.9
134,13,4.8
134,14,9.1
134,15,5.9
134,16,6.0
134,17,7.0
134,18,7.7
134,19,6.5
134,20,7.3
134,21,3.7
134,22,6.7
134,23,4.9
134,24,6.4
134,25,9.1
135,1,7.2
135,2,6.3
135,3,9.0
135,4,10.0
135,5,7.6
135,6,5.0
135,7,9.4
135,8,6.5
135,9,4.6
135,10,7.4
135,11,5.0
135,12,5.1
135,13,3.9
135,14,4.1
135,15,7.4
135,16,1.0
135,17,7.2
135,18,7.6
135,19,7.4
135,20,5.8
135,21,3.6
135,22,5.8
135,23,7.2
135,24,8.6
135,25,6.1
136,1,2.0
136,2,4.4
136,3,3.7
136,4,7.1
136,5,6.6
136,6,6.0
136,7,5.3
136,8,2.1
136,9,5.2
136,10,7.8
136,11,3.7
136,12,3.9
136,13,2.9
136,14,4.8
136,15,6.3
136,16,2.0
136,17,6.4
136,18,3.7
136,19,10.0
136,20,5.0
136,21,6.4
136,22,2.2
136,23,7.6
136,24,5.9
136,25,4.9
137,1,8.7
137,2,5.5
137,3,5.0
137,4,8.7
137,5,4.9
137,6,7.1
137,7,4.6
137,8,3.7
137,9,8.9
137,10,6.6
137,11,7.9
137,12,7.8
137,13,6.1
137,14,6.9
137,15,5.0
137,16,4.9
137,17,6.7
137,18,1.8
137,19,5.8
137,20,3.9
137,21,5.8
137,22,3.7
137,23,8.4
137,24,7.2
137,25,4.5
138,1,7.2
138,2,2.0
138,3,3.0
138,4,7.0
138,5,9.2
138,6,5.8
138,7,7.5
138,8,6.4
138,9,9.2
138,10,4.9
138,11,2.8
138,12,4.4
138,13,6.1
138,14,7.1
138,15,4.6
138,16,8.2
138,17,2.9
138,18,6.4
138,19,3.9
138,20,5.1
138,21,4.8
138,22,8.1
138,23,9.1
138,24,1.5
138,25,5.2
139,1,6.6
139,2,4.2
139,3,5.7
139,4,5.8
139,5,7.5
139,6,4.4
139,7,7.5
139,8,5.6
139,9,6.1
139,10,4.7
139,11,5.8
139,12,6.2
139,13,10.0
139,14,8.0
139,15,6.8
139,16,6.3
139,17,4.5
139,18,8.2
139,19,3.7
139,20,4.6
139,21,7.8
139,22,4.9
139,23,4.1
139,24,10.0
139,25,4.0
140,1,5.3
140,2,3.4
140,3,6.3
140,4,8.1
140,5,10.0
140,6,8.7
140,7,7.2
140,8,6.1
140,9,8.4
140,10,6.0
140,11,7.4
140,12,3.3
140,13,7.3
140,14,3.4
140,15,5.5
140,16,2.6
140,17,3.6
140,18,9.2
140,19,6.7
140,20,4.2
140,21,8.6
140,22,2.0
140,23,5.9
140,24,3.6
140,25,7.3
